{
  "meta": {
    "total_rows": 304,
    "recent_rows": 50,
    "time_start_sec": 0.0,
    "time_end_sec": 0.0
  },
  "bus_voltage": {
    "overall": {
      "mean": 40.95874786376953,
      "std": 0.0,
      "var": 0.0,
      "min": 40.95874786376953,
      "max": 40.95874786376953,
      "median": 40.95874786376953,
      "p05": 40.95874786376953,
      "p95": 40.95874786376953,
      "cv": 0.0
    },
    "recent": {
      "mean": 40.95874786376953,
      "std": 0.0,
      "var": 0.0,
      "min": 40.95874786376953,
      "max": 40.95874786376953,
      "median": 40.95874786376953,
      "p05": 40.95874786376953,
      "p95": 40.95874786376953,
      "cv": 0.0
    },
    "delta_recent_vs_overall": 0.0,
    "recent_min_sag": 40.95874786376953
  },
  "shunt_voltage": {
    "overall": {
      "mean": 0.01929968313350778,
      "std": 0.0018423997310817047,
      "var": 3.3944367690899375e-06,
      "min": 0.014898688532412,
      "max": 0.0238379016518592,
      "median": 0.0178784262388944,
      "p05": 0.0178784262388944,
      "p95": 0.0208581648766994,
      "cv": 0.09546269326479054
    },
    "recent": {
      "mean": 0.019606674574315495,
      "std": 0.002004752814364786,
      "var": 4.0190338467035305e-06,
      "min": 0.014898688532412,
      "max": 0.0238379016518592,
      "median": 0.0208581648766994,
      "p05": 0.0178784262388944,
      "p95": 0.02249702010303728,
      "cv": 0.10224848720603481
    },
    "noise_ratio_recent": 1.0875301653583294
  },
  "current": {
    "overall": {
      "mean": 0.0,
      "std": 0.0,
      "var": 0.0,
      "min": 0.0,
      "max": 0.0,
      "median": 0.0,
      "p05": 0.0,
      "p95": 0.0,
      "cv": 0.0
    },
    "recent": {
      "mean": 0.0,
      "std": 0.0,
      "var": 0.0,
      "min": 0.0,
      "max": 0.0,
      "median": 0.0,
      "p05": 0.0,
      "p95": 0.0,
      "cv": 0.0
    },
    "recent_idle_fraction": 1.0,
    "recent_peak": 0.0,
    "delta_recent_vs_overall": 0.0
  },
  "power": {
    "overall": {
      "mean": 0.0,
      "std": 0.0,
      "var": 0.0,
      "min": 0.0,
      "max": 0.0,
      "median": 0.0,
      "p05": 0.0,
      "p95": 0.0,
      "cv": 0.0
    },
    "recent": {
      "mean": 0.0,
      "std": 0.0,
      "var": 0.0,
      "min": 0.0,
      "max": 0.0,
      "median": 0.0,
      "p05": 0.0,
      "p95": 0.0,
      "cv": 0.0
    },
    "recent_peak": 0.0,
    "recent_negative_fraction": 0.0,
    "delta_recent_vs_overall": 0.0
  },
  "efficiency_signals": {
    "power_per_amp_mean": 0.0,
    "recent_power_per_amp_mean": 0.0,
    "power_variability_ratio": 0.0
  }
}